year,basin_index,class_id,count
1950,0,3,1
1950,0,4,100
1950,0,5,26
1950,1,4,22
1950,1,5,31
1950,2,4,61
1950,2,5,7
1950,4,3,1
1950,4,4,31
1950,4,5,21
1950,5,4,14
1950,5,5,5
1950,6,4,24
1950,6,5,17
1950,7,4,46
1950,8,3,1
1950,8,4,11
1950,9,4,85
1950,9,5,17
1950,10,4,69
1950,10,5,1
1950,11,4,29
1950,11,5,1
1950,12,4,58
1950,13,4,88
1950,13,5,5
1950,14,4,9
1950,15,4,20
1950,16,4,3
1950,17,4,74
1950,17,5,5
1950,18,4,17
1950,18,5,4
1951,0,3,1
1951,0,4,99
1951,0,5,27
1951,1,4,23
1951,1,5,30
1951,2,4,61
1951,2,5,7
1951,4,3,1
1951,4,4,31
1951,4,5,21
1951,5,4,14
1951,5,5,5
1951,6,4,21
1951,6,5,20
1951,7,4,45
1951,7,5,1
1951,8,3,1
1951,8,4,11
1951,9,4,85
1951,9,5,17
1951,10,4,69
1951,10,5,1
1951,11,4,29
1951,11,5,1
1951,12,4,58
1951,13,4,88
1951,13,5,5
1951,14,4,9
1951,15,4,20
1951,16,4,3
1951,17,4,75
1951,17,5,4
1951,18,4,17
1951,18,5,4
1952,0,3,1
1952,0,4,100
1952,0,5,26
1952,1,4,23
1952,1,5,30
1952,2,4,61
1952,2,5,7
1952,4,3,1
1952,4,4,31
1952,4,5,21
1952,5,4,14
1952,5,5,5
1952,6,4,20
1952,6,5,21
1952,7,4,45
1952,7,5,1
1952,8,3,1
1952,8,4,11
1952,9,4,84
1952,9,5,18
1952,10,4,69
1952,10,5,1
1952,11,4,29
1952,11,5,1
1952,12,4,58
1952,13,4,89
1952,13,5,4
1952,14,4,9
1952,15,4,20
1952,16,4,3
1952,17,4,75
1952,17,5,4
1952,18,4,17
1952,18,5,4
1953,0,3,1
1953,0,4,100
1953,0,5,26
1953,1,4,23
1953,1,5,30
1953,2,4,61
1953,2,5,7
1953,4,3,1
1953,4,4,31
1953,4,5,21
1953,5,4,14
1953,5,5,5
1953,6,4,19
1953,6,5,22
1953,7,4,45
1953,7,5,1
1953,8,3,1
1953,8,4,11
1953,9,4,84
1953,9,5,18
1953,10,4,69
1953,10,5,1
1953,11,4,29
1953,11,5,1
1953,12,4,56
1953,12,5,2
1953,13,4,89
1953,13,5,4
1953,14,4,9
1953,15,4,20
1953,16,4,3
1953,17,4,75
1953,17,5,4
1953,18,4,17
1953,18,5,4
1954,0,3,1
1954,0,4,98
1954,0,5,28
1954,1,4,23
1954,1,5,30
1954,2,4,61
1954,2,5,7
1954,4,3,1
1954,4,4,31
1954,4,5,21
1954,5,4,14
1954,5,5,5
1954,6,4,19
1954,6,5,22
1954,7,4,45
1954,7,5,1
1954,8,3,1
1954,8,4,11
1954,9,4,84
1954,9,5,18
1954,10,4,69
1954,10,5,1
1954,11,4,29
1954,11,5,1
1954,12,4,56
1954,12,5,2
1954,13,4,89
1954,13,5,4
1954,14,4,9
1954,15,4,20
1954,16,4,3
1954,17,4,75
1954,17,5,4
1954,18,4,17
1954,18,5,4
1955,0,3,1
1955,0,4,97
1955,0,5,29
1955,1,4,23
1955,1,5,30
1955,2,4,61
1955,2,5,7
1955,4,3,1
1955,4,4,31
1955,4,5,21
1955,5,4,14
1955,5,5,5
1955,6,4,17
1955,6,5,24
1955,7,4,41
1955,7,5,5
1955,8,3,1
1955,8,4,11
1955,9,4,84
1955,9,5,18
1955,10,4,69
1955,10,5,1
1955,11,4,29
1955,11,5,1
1955,12,4,56
1955,12,5,2
1955,13,4,89
1955,13,5,4
1955,14,4,9
1955,15,4,20
1955,16,4,3
1955,17,4,75
1955,17,5,4
1955,18,4,17
1955,18,5,4
1956,0,3,1
1956,0,4,98
1956,0,5,28
1956,1,4,23
1956,1,5,30
1956,2,4,61
1956,2,5,7
1956,4,3,1
1956,4,4,31
1956,4,5,21
1956,5,4,14
1956,5,5,5
1956,6,4,16
1956,6,5,25
1956,7,4,41
1956,7,5,5
1956,8,3,1
1956,8,4,11
1956,9,4,84
1956,9,5,18
1956,10,4,68
1956,10,5,2
1956,11,4,29
1956,11,5,1
1956,12,4,54
1956,12,5,4
1956,13,4,89
1956,13,5,4
1956,14,4,9
1956,15,4,20
1956,16,4,3
1956,17,4,75
1956,17,5,4
1956,18,4,17
1956,18,5,4
1957,0,3,1
1957,0,4,98
1957,0,5,28
1957,1,4,23
1957,1,5,30
1957,2,4,61
1957,2,5,7
1957,4,3,1
1957,4,4,31
1957,4,5,21
1957,5,4,14
1957,5,5,5
1957,6,4,16
1957,6,5,25
1957,7,4,40
1957,7,5,6
1957,8,3,1
1957,8,4,11
1957,9,4,84
1957,9,5,18
1957,10,4,66
1957,10,5,4
1957,11,4,29
1957,11,5,1
1957,12,4,53
1957,12,5,5
1957,13,4,89
1957,13,5,4
1957,14,4,9
1957,15,4,20
1957,16,4,3
1957,17,4,75
1957,17,5,4
1957,18,4,17
1957,18,5,4
1958,0,3,1
1958,0,4,98
1958,0,5,28
1958,1,4,23
1958,1,5,30
1958,2,4,61
1958,2,5,7
1958,4,3,1
1958,4,4,31
1958,4,5,21
1958,5,4,14
1958,5,5,5
1958,6,4,15
1958,6,5,26
1958,7,4,40
1958,7,5,6
1958,8,3,1
1958,8,4,11
1958,9,4,85
1958,9,5,17
1958,10,4,66
1958,10,5,4
1958,11,4,29
1958,11,5,1
1958,12,4,49
1958,12,5,9
1958,13,4,89
1958,13,5,4
1958,14,4,9
1958,15,4,20
1958,16,4,3
1958,17,4,75
1958,17,5,4
1958,18,4,17
1958,18,5,4
1959,0,3,1
1959,0,4,98
1959,0,5,28
1959,1,4,23
1959,1,5,30
1959,2,4,61
1959,2,5,7
1959,4,3,1
1959,4,4,31
1959,4,5,21
1959,5,4,14
1959,5,5,5
1959,6,4,15
1959,6,5,26
1959,7,4,40
1959,7,5,6
1959,8,3,1
1959,8,4,11
1959,9,4,85
1959,9,5,17
1959,10,4,65
1959,10,5,5
1959,11,4,29
1959,11,5,1
1959,12,4,48
1959,12,5,10
1959,13,4,89
1959,13,5,4
1959,14,4,9
1959,15,4,20
1959,16,4,2
1959,16,5,1
1959,17,4,75
1959,17,5,4
1959,18,4,17
1959,18,5,4
1960,0,3,1
1960,0,4,98
1960,0,5,28
1960,1,4,23
1960,1,5,30
1960,2,4,61
1960,2,5,7
1960,4,3,1
1960,4,4,32
1960,4,5,20
1960,5,4,14
1960,5,5,5
1960,6,4,13
1960,6,5,28
1960,7,4,38
1960,7,5,8
1960,8,3,1
1960,8,4,11
1960,9,4,84
1960,9,5,18
1960,10,4,64
1960,10,5,6
1960,11,4,29
1960,11,5,1
1960,12,4,46
1960,12,5,12
1960,13,4,89
1960,13,5,4
1960,14,4,9
1960,15,4,20
1960,16,4,2
1960,16,5,1
1960,17,4,75
1960,17,5,4
1960,18,4,17
1960,18,5,4
1961,0,3,1
1961,0,4,98
1961,0,5,28
1961,1,4,23
1961,1,5,30
1961,2,4,61
1961,2,5,7
1961,4,3,1
1961,4,4,31
1961,4,5,21
1961,5,4,14
1961,5,5,5
1961,6,4,13
1961,6,5,28
1961,7,4,38
1961,7,5,8
1961,8,3,1
1961,8,4,11
1961,9,4,84
1961,9,5,18
1961,10,4,64
1961,10,5,6
1961,11,4,29
1961,11,5,1
1961,12,4,46
1961,12,5,12
1961,13,4,89
1961,13,5,4
1961,14,4,9
1961,15,4,20
1961,16,4,2
1961,16,5,1
1961,17,4,75
1961,17,5,4
1961,18,4,17
1961,18,5,4
1962,0,3,1
1962,0,4,98
1962,0,5,28
1962,1,4,23
1962,1,5,30
1962,2,4,61
1962,2,5,7
1962,4,3,1
1962,4,4,31
1962,4,5,21
1962,5,4,14
1962,5,5,5
1962,6,4,13
1962,6,5,28
1962,7,4,37
1962,7,5,9
1962,8,3,1
1962,8,4,11
1962,9,4,84
1962,9,5,18
1962,10,4,64
1962,10,5,6
1962,11,4,29
1962,11,5,1
1962,12,4,46
1962,12,5,12
1962,13,4,89
1962,13,5,4
1962,14,4,9
1962,15,4,20
1962,16,4,2
1962,16,5,1
1962,17,4,75
1962,17,5,4
1962,18,4,17
1962,18,5,4
1963,0,3,1
1963,0,4,98
1963,0,5,28
1963,1,4,23
1963,1,5,30
1963,2,4,61
1963,2,5,7
1963,4,3,1
1963,4,4,31
1963,4,5,21
1963,5,4,14
1963,5,5,5
1963,6,4,13
1963,6,5,28
1963,7,4,37
1963,7,5,9
1963,8,3,1
1963,8,4,11
1963,9,4,84
1963,9,5,18
1963,10,4,64
1963,10,5,6
1963,11,4,29
1963,11,5,1
1963,12,4,46
1963,12,5,12
1963,13,4,89
1963,13,5,4
1963,14,4,9
1963,15,4,20
1963,16,4,2
1963,16,5,1
1963,17,4,75
1963,17,5,4
1963,18,4,17
1963,18,5,4
1964,0,3,1
1964,0,4,98
1964,0,5,28
1964,1,4,23
1964,1,5,30
1964,2,4,61
1964,2,5,7
1964,4,3,1
1964,4,4,31
1964,4,5,21
1964,5,4,14
1964,5,5,5
1964,6,4,13
1964,6,5,28
1964,7,4,37
1964,7,5,9
1964,8,3,1
1964,8,4,11
1964,9,4,84
1964,9,5,18
1964,10,4,64
1964,10,5,6
1964,11,4,29
1964,11,5,1
1964,12,4,46
1964,12,5,12
1964,13,4,89
1964,13,5,4
1964,14,4,9
1964,15,4,20
1964,16,4,2
1964,16,5,1
1964,17,4,75
1964,17,5,4
1964,18,4,17
1964,18,5,4
1965,0,3,1
1965,0,4,97
1965,0,5,29
1965,1,4,23
1965,1,5,30
1965,2,4,61
1965,2,5,7
1965,4,3,1
1965,4,4,31
1965,4,5,21
1965,5,4,14
1965,5,5,5
1965,6,4,13
1965,6,5,28
1965,7,4,37
1965,7,5,9
1965,8,3,1
1965,8,4,10
1965,8,5,1
1965,9,4,84
1965,9,5,18
1965,10,4,63
1965,10,5,7
1965,11,4,29
1965,11,5,1
1965,12,4,46
1965,12,5,12
1965,13,4,89
1965,13,5,4
1965,14,4,9
1965,15,4,20
1965,16,4,2
1965,16,5,1
1965,17,4,75
1965,17,5,4
1965,18,4,17
1965,18,5,4
1966,0,3,1
1966,0,4,97
1966,0,5,29
1966,1,4,23
1966,1,5,30
1966,2,4,61
1966,2,5,7
1966,4,3,1
1966,4,4,31
1966,4,5,21
1966,5,4,14
1966,5,5,5
1966,6,4,13
1966,6,5,28
1966,7,4,36
1966,7,5,10
1966,8,3,1
1966,8,4,10
1966,8,5,1
1966,9,4,84
1966,9,5,18
1966,10,4,63
1966,10,5,7
1966,11,4,29
1966,11,5,1
1966,12,4,46
1966,12,5,12
1966,13,4,89
1966,13,5,4
1966,14,4,9
1966,15,4,20
1966,16,4,2
1966,16,5,1
1966,17,4,75
1966,17,5,4
1966,18,4,17
1966,18,5,4
1967,0,3,1
1967,0,4,96
1967,0,5,30
1967,1,4,23
1967,1,5,30
1967,2,4,61
1967,2,5,7
1967,4,3,1
1967,4,4,31
1967,4,5,21
1967,5,4,14
1967,5,5,5
1967,6,4,13
1967,6,5,28
1967,7,4,36
1967,7,5,10
1967,8,3,1
1967,8,4,10
1967,8,5,1
1967,9,4,83
1967,9,5,19
1967,10,4,63
1967,10,5,7
1967,11,4,29
1967,11,5,1
1967,12,4,45
1967,12,5,13
1967,13,4,89
1967,13,5,4
1967,14,4,9
1967,15,4,20
1967,16,4,2
1967,16,5,1
1967,17,4,75
1967,17,5,4
1967,18,4,17
1967,18,5,4
1968,0,3,1
1968,0,4,96
1968,0,5,30
1968,1,4,23
1968,1,5,30
1968,2,4,61
1968,2,5,7
1968,4,3,1
1968,4,4,31
1968,4,5,21
1968,5,4,14
1968,5,5,5
1968,6,4,13
1968,6,5,28
1968,7,4,36
1968,7,5,10
1968,8,3,1
1968,8,4,10
1968,8,5,1
1968,9,4,83
1968,9,5,19
1968,10,4,63
1968,10,5,7
1968,11,4,29
1968,11,5,1
1968,12,4,45
1968,12,5,13
1968,13,4,89
1968,13,5,4
1968,14,4,9
1968,15,4,20
1968,16,4,2
1968,16,5,1
1968,17,4,75
1968,17,5,4
1968,18,4,17
1968,18,5,4
1969,0,3,1
1969,0,4,96
1969,0,5,30
1969,1,4,23
1969,1,5,30
1969,2,4,61
1969,2,5,7
1969,4,3,1
1969,4,4,31
1969,4,5,21
1969,5,4,14
1969,5,5,5
1969,6,4,13
1969,6,5,28
1969,7,4,36
1969,7,5,10
1969,8,3,1
1969,8,4,10
1969,8,5,1
1969,9,4,83
1969,9,5,19
1969,10,4,63
1969,10,5,7
1969,11,4,29
1969,11,5,1
1969,12,4,45
1969,12,5,13
1969,13,4,89
1969,13,5,4
1969,14,4,9
1969,15,4,20
1969,16,4,2
1969,16,5,1
1969,17,4,75
1969,17,5,4
1969,18,4,17
1969,18,5,4
1970,0,3,1
1970,0,4,96
1970,0,5,30
1970,1,4,23
1970,1,5,30
1970,2,4,61
1970,2,5,7
1970,4,3,1
1970,4,4,31
1970,4,5,21
1970,5,4,14
1970,5,5,5
1970,6,4,13
1970,6,5,28
1970,7,4,36
1970,7,5,10
1970,8,3,1
1970,8,4,10
1970,8,5,1
1970,9,4,83
1970,9,5,19
1970,10,4,63
1970,10,5,7
1970,11,4,29
1970,11,5,1
1970,12,4,45
1970,12,5,13
1970,13,4,89
1970,13,5,4
1970,14,4,9
1970,15,4,20
1970,16,4,2
1970,16,5,1
1970,17,4,75
1970,17,5,4
1970,18,4,17
1970,18,5,4
1971,0,3,1
1971,0,4,96
1971,0,5,30
1971,1,4,23
1971,1,5,30
1971,2,4,61
1971,2,5,7
1971,4,3,1
1971,4,4,31
1971,4,5,21
1971,5,4,14
1971,5,5,5
1971,6,4,13
1971,6,5,28
1971,7,4,36
1971,7,5,10
1971,8,3,1
1971,8,4,10
1971,8,5,1
1971,9,4,83
1971,9,5,19
1971,10,4,63
1971,10,5,7
1971,11,4,29
1971,11,5,1
1971,12,4,45
1971,12,5,13
1971,13,4,89
1971,13,5,4
1971,14,4,9
1971,15,4,20
1971,16,4,2
1971,16,5,1
1971,17,4,75
1971,17,5,4
1971,18,4,17
1971,18,5,4
1972,0,3,1
1972,0,4,96
1972,0,5,30
1972,1,4,23
1972,1,5,30
1972,2,4,61
1972,2,5,7
1972,4,3,1
1972,4,4,31
1972,4,5,21
1972,5,4,14
1972,5,5,5
1972,6,4,13
1972,6,5,28
1972,7,4,36
1972,7,5,10
1972,8,3,1
1972,8,4,10
1972,8,5,1
1972,9,4,83
1972,9,5,19
1972,10,4,63
1972,10,5,7
1972,11,4,29
1972,11,5,1
1972,12,4,45
1972,12,5,13
1972,13,4,89
1972,13,5,4
1972,14,4,9
1972,15,4,20
1972,16,4,2
1972,16,5,1
1972,17,4,75
1972,17,5,4
1972,18,4,17
1972,18,5,4
1973,0,3,1
1973,0,4,96
1973,0,5,30
1973,1,4,22
1973,1,5,31
1973,2,4,61
1973,2,5,7
1973,4,3,1
1973,4,4,31
1973,4,5,21
1973,5,4,14
1973,5,5,5
1973,6,4,13
1973,6,5,28
1973,7,4,36
1973,7,5,10
1973,8,3,1
1973,8,4,10
1973,8,5,1
1973,9,4,83
1973,9,5,19
1973,10,4,63
1973,10,5,7
1973,11,4,29
1973,11,5,1
1973,12,4,45
1973,12,5,13
1973,13,4,89
1973,13,5,4
1973,14,4,9
1973,15,4,20
1973,16,4,2
1973,16,5,1
1973,17,4,75
1973,17,5,4
1973,18,4,17
1973,18,5,4
1974,0,3,1
1974,0,4,96
1974,0,5,30
1974,1,4,22
1974,1,5,31
1974,2,4,61
1974,2,5,7
1974,4,3,1
1974,4,4,31
1974,4,5,21
1974,5,4,14
1974,5,5,5
1974,6,4,13
1974,6,5,28
1974,7,4,36
1974,7,5,10
1974,8,3,1
1974,8,4,10
1974,8,5,1
1974,9,4,83
1974,9,5,19
1974,10,4,63
1974,10,5,7
1974,11,4,29
1974,11,5,1
1974,12,4,45
1974,12,5,13
1974,13,4,89
1974,13,5,4
1974,14,4,9
1974,15,4,20
1974,16,4,2
1974,16,5,1
1974,17,4,75
1974,17,5,4
1974,18,4,17
1974,18,5,4
1975,0,3,1
1975,0,4,96
1975,0,5,30
1975,1,4,22
1975,1,5,31
1975,2,4,61
1975,2,5,7
1975,4,3,1
1975,4,4,31
1975,4,5,21
1975,5,4,14
1975,5,5,5
1975,6,4,13
1975,6,5,28
1975,7,4,36
1975,7,5,10
1975,8,3,1
1975,8,4,10
1975,8,5,1
1975,9,4,83
1975,9,5,19
1975,10,4,63
1975,10,5,7
1975,11,4,29
1975,11,5,1
1975,12,4,45
1975,12,5,13
1975,13,4,89
1975,13,5,4
1975,14,4,9
1975,15,4,20
1975,16,4,2
1975,16,5,1
1975,17,4,75
1975,17,5,4
1975,18,4,17
1975,18,5,4
1976,0,3,1
1976,0,4,96
1976,0,5,30
1976,1,4,22
1976,1,5,31
1976,2,4,61
1976,2,5,7
1976,4,3,1
1976,4,4,31
1976,4,5,21
1976,5,4,14
1976,5,5,5
1976,6,4,13
1976,6,5,28
1976,7,4,36
1976,7,5,10
1976,8,3,1
1976,8,4,10
1976,8,5,1
1976,9,4,83
1976,9,5,19
1976,10,4,63
1976,10,5,7
1976,11,4,29
1976,11,5,1
1976,12,4,45
1976,12,5,13
1976,13,4,89
1976,13,5,4
1976,14,4,9
1976,15,4,20
1976,16,4,2
1976,16,5,1
1976,17,4,75
1976,17,5,4
1976,18,4,17
1976,18,5,4
1977,0,3,1
1977,0,4,95
1977,0,5,31
1977,1,4,22
1977,1,5,31
1977,2,4,61
1977,2,5,7
1977,4,3,1
1977,4,4,31
1977,4,5,21
1977,5,4,14
1977,5,5,5
1977,6,4,13
1977,6,5,28
1977,7,4,36
1977,7,5,10
1977,8,3,1
1977,8,4,10
1977,8,5,1
1977,9,4,83
1977,9,5,19
1977,10,4,63
1977,10,5,7
1977,11,4,29
1977,11,5,1
1977,12,4,45
1977,12,5,13
1977,13,4,89
1977,13,5,4
1977,14,4,9
1977,15,4,20
1977,16,4,2
1977,16,5,1
1977,17,4,75
1977,17,5,4
1977,18,4,17
1977,18,5,4
1978,0,3,1
1978,0,4,95
1978,0,5,31
1978,1,4,22
1978,1,5,31
1978,2,4,61
1978,2,5,7
1978,4,3,1
1978,4,4,31
1978,4,5,21
1978,5,4,14
1978,5,5,5
1978,6,4,13
1978,6,5,28
1978,7,4,36
1978,7,5,10
1978,8,3,1
1978,8,4,10
1978,8,5,1
1978,9,4,83
1978,9,5,19
1978,10,4,63
1978,10,5,7
1978,11,4,29
1978,11,5,1
1978,12,4,45
1978,12,5,13
1978,13,4,89
1978,13,5,4
1978,14,4,9
1978,15,4,20
1978,16,4,2
1978,16,5,1
1978,17,4,75
1978,17,5,4
1978,18,4,17
1978,18,5,4
1979,0,3,1
1979,0,4,95
1979,0,5,31
1979,1,4,22
1979,1,5,31
1979,2,4,61
1979,2,5,7
1979,4,3,1
1979,4,4,31
1979,4,5,21
1979,5,4,14
1979,5,5,5
1979,6,4,13
1979,6,5,28
1979,7,4,36
1979,7,5,10
1979,8,3,1
1979,8,4,10
1979,8,5,1
1979,9,4,83
1979,9,5,19
1979,10,4,63
1979,10,5,7
1979,11,4,29
1979,11,5,1
1979,12,4,45
1979,12,5,13
1979,13,4,89
1979,13,5,4
1979,14,4,9
1979,15,4,20
1979,16,4,2
1979,16,5,1
1979,17,4,75
1979,17,5,4
1979,18,4,17
1979,18,5,4
1980,0,3,1
1980,0,4,95
1980,0,5,31
1980,1,4,22
1980,1,5,31
1980,2,4,61
1980,2,5,7
1980,4,3,1
1980,4,4,31
1980,4,5,21
1980,5,4,14
1980,5,5,5
1980,6,4,13
1980,6,5,28
1980,7,4,36
1980,7,5,10
1980,8,3,1
1980,8,4,10
1980,8,5,1
1980,9,4,83
1980,9,5,19
1980,10,4,63
1980,10,5,7
1980,11,4,29
1980,11,5,1
1980,12,4,45
1980,12,5,13
1980,13,4,89
1980,13,5,4
1980,14,4,9
1980,15,4,20
1980,16,4,2
1980,16,5,1
1980,17,4,75
1980,17,5,4
1980,18,4,17
1980,18,5,4
1981,0,3,1
1981,0,4,95
1981,0,5,31
1981,1,4,22
1981,1,5,31
1981,2,4,61
1981,2,5,7
1981,4,3,1
1981,4,4,31
1981,4,5,21
1981,5,4,14
1981,5,5,5
1981,6,4,13
1981,6,5,28
1981,7,4,36
1981,7,5,10
1981,8,3,1
1981,8,4,10
1981,8,5,1
1981,9,4,83
1981,9,5,19
1981,10,4,63
1981,10,5,7
1981,11,4,29
1981,11,5,1
1981,12,4,45
1981,12,5,13
1981,13,4,89
1981,13,5,4
1981,14,4,9
1981,15,4,20
1981,16,4,2
1981,16,5,1
1981,17,4,75
1981,17,5,4
1981,18,4,17
1981,18,5,4
1982,0,3,1
1982,0,4,95
1982,0,5,31
1982,1,4,22
1982,1,5,31
1982,2,4,61
1982,2,5,7
1982,4,3,1
1982,4,4,31
1982,4,5,21
1982,5,4,14
1982,5,5,5
1982,6,4,13
1982,6,5,28
1982,7,4,36
1982,7,5,10
1982,8,3,1
1982,8,4,10
1982,8,5,1
1982,9,4,83
1982,9,5,19
1982,10,4,63
1982,10,5,7
1982,11,4,29
1982,11,5,1
1982,12,4,45
1982,12,5,13
1982,13,4,89
1982,13,5,4
1982,14,4,9
1982,15,4,20
1982,16,4,2
1982,16,5,1
1982,17,4,75
1982,17,5,4
1982,18,4,17
1982,18,5,4
1983,0,3,1
1983,0,4,95
1983,0,5,31
1983,1,4,22
1983,1,5,31
1983,2,4,61
1983,2,5,7
1983,4,3,1
1983,4,4,31
1983,4,5,21
1983,5,4,14
1983,5,5,5
1983,6,4,13
1983,6,5,28
1983,7,4,36
1983,7,5,10
1983,8,3,1
1983,8,4,10
1983,8,5,1
1983,9,4,83
1983,9,5,19
1983,10,4,63
1983,10,5,7
1983,11,4,29
1983,11,5,1
1983,12,4,45
1983,12,5,13
1983,13,4,89
1983,13,5,4
1983,14,4,9
1983,15,4,20
1983,16,4,2
1983,16,5,1
1983,17,4,75
1983,17,5,4
1983,18,4,17
1983,18,5,4
1984,0,3,1
1984,0,4,95
1984,0,5,31
1984,1,4,22
1984,1,5,31
1984,2,4,61
1984,2,5,7
1984,4,3,1
1984,4,4,31
1984,4,5,21
1984,5,4,14
1984,5,5,5
1984,6,4,13
1984,6,5,28
1984,7,4,36
1984,7,5,10
1984,8,3,1
1984,8,4,10
1984,8,5,1
1984,9,4,83
1984,9,5,19
1984,10,4,63
1984,10,5,7
1984,11,4,29
1984,11,5,1
1984,12,4,45
1984,12,5,13
1984,13,4,89
1984,13,5,4
1984,14,4,9
1984,15,4,20
1984,16,4,2
1984,16,5,1
1984,17,4,75
1984,17,5,4
1984,18,4,17
1984,18,5,4
1985,0,3,1
1985,0,4,95
1985,0,5,31
1985,1,4,22
1985,1,5,31
1985,2,4,61
1985,2,5,7
1985,4,3,1
1985,4,4,31
1985,4,5,21
1985,5,4,14
1985,5,5,5
1985,6,4,13
1985,6,5,28
1985,7,4,36
1985,7,5,10
1985,8,3,1
1985,8,4,10
1985,8,5,1
1985,9,4,83
1985,9,5,19
1985,10,4,63
1985,10,5,7
1985,11,4,29
1985,11,5,1
1985,12,4,45
1985,12,5,13
1985,13,4,89
1985,13,5,4
1985,14,4,9
1985,15,4,20
1985,16,4,2
1985,16,5,1
1985,17,4,75
1985,17,5,4
1985,18,4,17
1985,18,5,4
1986,0,3,1
1986,0,4,95
1986,0,5,31
1986,1,4,22
1986,1,5,31
1986,2,4,61
1986,2,5,7
1986,4,3,1
1986,4,4,31
1986,4,5,21
1986,5,4,14
1986,5,5,5
1986,6,4,13
1986,6,5,28
1986,7,4,36
1986,7,5,10
1986,8,3,1
1986,8,4,10
1986,8,5,1
1986,9,4,83
1986,9,5,19
1986,10,4,63
1986,10,5,7
1986,11,4,29
1986,11,5,1
1986,12,4,45
1986,12,5,13
1986,13,4,89
1986,13,5,4
1986,14,4,9
1986,15,4,20
1986,16,4,2
1986,16,5,1
1986,17,4,75
1986,17,5,4
1986,18,4,17
1986,18,5,4
1987,0,3,1
1987,0,4,95
1987,0,5,31
1987,1,4,22
1987,1,5,31
1987,2,4,61
1987,2,5,7
1987,4,3,1
1987,4,4,31
1987,4,5,21
1987,5,4,14
1987,5,5,5
1987,6,4,13
1987,6,5,28
1987,7,4,35
1987,7,5,11
1987,8,3,1
1987,8,4,10
1987,8,5,1
1987,9,4,83
1987,9,5,19
1987,10,4,63
1987,10,5,7
1987,11,4,29
1987,11,5,1
1987,12,4,45
1987,12,5,13
1987,13,4,89
1987,13,5,4
1987,14,4,9
1987,15,4,20
1987,16,4,2
1987,16,5,1
1987,17,4,75
1987,17,5,4
1987,18,4,17
1987,18,5,4
1988,0,3,1
1988,0,4,95
1988,0,5,31
1988,1,4,22
1988,1,5,31
1988,2,4,61
1988,2,5,7
1988,4,3,1
1988,4,4,31
1988,4,5,21
1988,5,4,14
1988,5,5,5
1988,6,4,12
1988,6,5,29
1988,7,4,35
1988,7,5,11
1988,8,3,1
1988,8,4,10
1988,8,5,1
1988,9,4,83
1988,9,5,19
1988,10,4,63
1988,10,5,7
1988,11,4,29
1988,11,5,1
1988,12,4,45
1988,12,5,13
1988,13,4,89
1988,13,5,4
1988,14,4,9
1988,15,4,20
1988,16,4,2
1988,16,5,1
1988,17,4,75
1988,17,5,4
1988,18,4,17
1988,18,5,4
1989,0,3,1
1989,0,4,95
1989,0,5,31
1989,1,4,22
1989,1,5,31
1989,2,4,61
1989,2,5,7
1989,4,3,1
1989,4,4,31
1989,4,5,21
1989,5,4,14
1989,5,5,5
1989,6,4,12
1989,6,5,29
1989,7,4,35
1989,7,5,11
1989,8,3,1
1989,8,4,10
1989,8,5,1
1989,9,4,83
1989,9,5,19
1989,10,4,63
1989,10,5,7
1989,11,4,29
1989,11,5,1
1989,12,4,45
1989,12,5,13
1989,13,4,89
1989,13,5,4
1989,14,4,9
1989,15,4,20
1989,16,4,2
1989,16,5,1
1989,17,4,75
1989,17,5,4
1989,18,4,17
1989,18,5,4
1990,0,3,1
1990,0,4,95
1990,0,5,31
1990,1,4,22
1990,1,5,31
1990,2,4,61
1990,2,5,7
1990,4,3,1
1990,4,4,31
1990,4,5,21
1990,5,4,14
1990,5,5,5
1990,6,4,12
1990,6,5,29
1990,7,4,35
1990,7,5,11
1990,8,3,1
1990,8,4,10
1990,8,5,1
1990,9,4,83
1990,9,5,19
1990,10,4,63
1990,10,5,7
1990,11,4,29
1990,11,5,1
1990,12,4,45
1990,12,5,13
1990,13,4,89
1990,13,5,4
1990,14,4,9
1990,15,4,20
1990,16,4,2
1990,16,5,1
1990,17,4,75
1990,17,5,4
1990,18,4,17
1990,18,5,4
1991,0,3,1
1991,0,4,95
1991,0,5,31
1991,1,4,22
1991,1,5,31
1991,2,4,61
1991,2,5,7
1991,4,3,1
1991,4,4,30
1991,4,5,22
1991,5,4,14
1991,5,5,5
1991,6,4,12
1991,6,5,29
1991,7,4,35
1991,7,5,11
1991,8,3,1
1991,8,4,10
1991,8,5,1
1991,9,4,83
1991,9,5,19
1991,10,4,63
1991,10,5,7
1991,11,4,29
1991,11,5,1
1991,12,4,45
1991,12,5,13
1991,13,4,89
1991,13,5,4
1991,14,4,9
1991,15,4,20
1991,16,4,2
1991,16,5,1
1991,17,4,75
1991,17,5,4
1991,18,4,17
1991,18,5,4
1992,0,3,1
1992,0,4,95
1992,0,5,31
1992,1,4,22
1992,1,5,31
1992,2,4,61
1992,2,5,7
1992,4,3,1
1992,4,4,30
1992,4,5,22
1992,5,4,14
1992,5,5,5
1992,6,4,12
1992,6,5,29
1992,7,4,35
1992,7,5,11
1992,8,3,1
1992,8,4,10
1992,8,5,1
1992,9,4,83
1992,9,5,19
1992,10,4,63
1992,10,5,7
1992,11,4,29
1992,11,5,1
1992,12,4,45
1992,12,5,13
1992,13,4,89
1992,13,5,4
1992,14,4,9
1992,15,4,20
1992,16,4,2
1992,16,5,1
1992,17,4,75
1992,17,5,4
1992,18,4,17
1992,18,5,4
1993,0,3,1
1993,0,4,95
1993,0,5,31
1993,1,4,22
1993,1,5,31
1993,2,4,61
1993,2,5,7
1993,4,3,1
1993,4,4,30
1993,4,5,22
1993,5,4,14
1993,5,5,5
1993,6,4,12
1993,6,5,29
1993,7,4,34
1993,7,5,12
1993,8,3,1
1993,8,4,10
1993,8,5,1
1993,9,4,83
1993,9,5,19
1993,10,4,63
1993,10,5,7
1993,11,4,29
1993,11,5,1
1993,12,4,44
1993,12,5,14
1993,13,4,89
1993,13,5,4
1993,14,4,9
1993,15,4,20
1993,16,4,2
1993,16,5,1
1993,17,4,75
1993,17,5,4
1993,18,4,17
1993,18,5,4
1994,0,3,1
1994,0,4,93
1994,0,5,33
1994,1,4,22
1994,1,5,31
1994,2,4,61
1994,2,5,7
1994,4,3,1
1994,4,4,30
1994,4,5,22
1994,5,4,14
1994,5,5,5
1994,6,4,12
1994,6,5,29
1994,7,4,33
1994,7,5,13
1994,8,3,1
1994,8,4,10
1994,8,5,1
1994,9,4,83
1994,9,5,19
1994,10,4,63
1994,10,5,7
1994,11,4,29
1994,11,5,1
1994,12,4,44
1994,12,5,14
1994,13,4,89
1994,13,5,4
1994,14,4,9
1994,15,4,20
1994,16,4,2
1994,16,5,1
1994,17,4,75
1994,17,5,4
1994,18,4,17
1994,18,5,4
1995,0,3,1
1995,0,4,93
1995,0,5,33
1995,1,4,21
1995,1,5,32
1995,2,4,60
1995,2,5,8
1995,4,3,1
1995,4,4,29
1995,4,5,23
1995,5,4,14
1995,5,5,5
1995,6,4,12
1995,6,5,29
1995,7,4,33
1995,7,5,13
1995,8,3,1
1995,8,4,10
1995,8,5,1
1995,9,4,83
1995,9,5,19
1995,10,4,63
1995,10,5,7
1995,11,4,29
1995,11,5,1
1995,12,4,44
1995,12,5,14
1995,13,4,89
1995,13,5,4
1995,14,4,9
1995,15,4,20
1995,16,4,2
1995,16,5,1
1995,17,4,75
1995,17,5,4
1995,18,4,17
1995,18,5,4
1996,0,3,1
1996,0,4,93
1996,0,5,33
1996,1,4,21
1996,1,5,32
1996,2,4,60
1996,2,5,8
1996,4,3,1
1996,4,4,29
1996,4,5,23
1996,5,4,14
1996,5,5,5
1996,6,4,12
1996,6,5,29
1996,7,4,33
1996,7,5,13
1996,8,3,1
1996,8,4,10
1996,8,5,1
1996,9,4,83
1996,9,5,19
1996,10,4,63
1996,10,5,7
1996,11,4,29
1996,11,5,1
1996,12,4,43
1996,12,5,15
1996,13,4,89
1996,13,5,4
1996,14,4,9
1996,15,4,20
1996,16,4,2
1996,16,5,1
1996,17,4,74
1996,17,5,5
1996,18,4,17
1996,18,5,4
1997,0,3,1
1997,0,4,93
1997,0,5,33
1997,1,4,21
1997,1,5,32
1997,2,4,60
1997,2,5,8
1997,4,3,1
1997,4,4,29
1997,4,5,23
1997,5,4,14
1997,5,5,5
1997,6,4,12
1997,6,5,29
1997,7,4,33
1997,7,5,13
1997,8,3,1
1997,8,4,10
1997,8,5,1
1997,9,4,83
1997,9,5,19
1997,10,4,63
1997,10,5,7
1997,11,4,29
1997,11,5,1
1997,12,4,43
1997,12,5,15
1997,13,4,88
1997,13,5,5
1997,14,4,9
1997,15,4,20
1997,16,4,2
1997,16,5,1
1997,17,4,74
1997,17,5,5
1997,18,4,16
1997,18,5,5
1998,0,3,1
1998,0,4,93
1998,0,5,33
1998,1,4,20
1998,1,5,33
1998,2,4,60
1998,2,5,8
1998,4,3,1
1998,4,4,29
1998,4,5,23
1998,5,4,13
1998,5,5,6
1998,6,4,11
1998,6,5,30
1998,7,4,32
1998,7,5,14
1998,8,3,1
1998,8,4,10
1998,8,5,1
1998,9,4,82
1998,9,5,20
1998,10,4,63
1998,10,5,7
1998,11,4,28
1998,11,5,2
1998,12,4,43
1998,12,5,15
1998,13,4,88
1998,13,5,5
1998,14,4,9
1998,15,4,20
1998,16,4,2
1998,16,5,1
1998,17,4,74
1998,17,5,5
1998,18,4,16
1998,18,5,5
1999,0,3,1
1999,0,4,93
1999,0,5,33
1999,1,4,18
1999,1,5,35
1999,2,4,60
1999,2,5,8
1999,4,3,1
1999,4,4,29
1999,4,5,23
1999,5,4,13
1999,5,5,6
1999,6,4,10
1999,6,5,31
1999,7,4,31
1999,7,5,15
1999,8,3,1
1999,8,4,10
1999,8,5,1
1999,9,4,82
1999,9,5,20
1999,10,4,63
1999,10,5,7
1999,11,4,28
1999,11,5,2
1999,12,4,42
1999,12,5,16
1999,13,4,88
1999,13,5,5
1999,14,4,9
1999,15,4,20
1999,16,4,2
1999,16,5,1
1999,17,4,74
1999,17,5,5
1999,18,4,16
1999,18,5,5
2000,0,3,1
2000,0,4,92
2000,0,5,34
2000,1,4,18
2000,1,5,35
2000,2,4,60
2000,2,5,8
2000,4,3,1
2000,4,4,28
2000,4,5,24
2000,5,4,13
2000,5,5,6
2000,6,4,9
2000,6,5,32
2000,7,4,31
2000,7,5,15
2000,8,3,1
2000,8,4,10
2000,8,5,1
2000,9,4,81
2000,9,5,21
2000,10,4,63
2000,10,5,7
2000,11,4,28
2000,11,5,2
2000,12,4,42
2000,12,5,16
2000,13,4,88
2000,13,5,5
2000,14,4,9
2000,15,4,20
2000,16,4,2
2000,16,5,1
2000,17,4,74
2000,17,5,5
2000,18,4,16
2000,18,5,5
2001,0,3,2
2001,0,4,77
2001,0,5,48
2001,1,4,14
2001,1,5,39
2001,2,4,58
2001,2,5,10
2001,4,3,1
2001,4,4,17
2001,4,5,35
2001,5,4,12
2001,5,5,7
2001,6,4,5
2001,6,5,36
2001,7,4,23
2001,7,5,23
2001,8,3,1
2001,8,4,7
2001,8,5,4
2001,9,4,56
2001,9,5,46
2001,10,4,46
2001,10,5,24
2001,11,4,18
2001,11,5,12
2001,12,4,32
2001,12,5,26
2001,13,3,1
2001,13,4,77
2001,13,5,15
2001,14,4,9
2001,15,4,20
2001,16,4,1
2001,16,5,2
2001,17,4,69
2001,17,5,10
2001,18,4,13
2001,18,5,8
2002,0,3,2
2002,0,4,77
2002,0,5,48
2002,1,4,14
2002,1,5,39
2002,2,4,58
2002,2,5,10
2002,4,3,1
2002,4,4,17
2002,4,5,35
2002,5,4,12
2002,5,5,7
2002,6,4,5
2002,6,5,36
2002,7,4,23
2002,7,5,23
2002,8,3,1
2002,8,4,7
2002,8,5,4
2002,9,4,56
2002,9,5,46
2002,10,4,46
2002,10,5,24
2002,11,4,18
2002,11,5,12
2002,12,4,32
2002,12,5,26
2002,13,3,1
2002,13,4,78
2002,13,5,14
2002,14,4,9
2002,15,4,20
2002,16,4,1
2002,16,5,2
2002,17,4,69
2002,17,5,10
2002,18,4,13
2002,18,5,8
2003,0,3,2
2003,0,4,70
2003,0,5,55
2003,1,4,14
2003,1,5,39
2003,2,4,57
2003,2,5,11
2003,4,3,1
2003,4,4,16
2003,4,5,36
2003,5,4,12
2003,5,5,7
2003,6,4,4
2003,6,5,37
2003,7,4,18
2003,7,5,28
2003,8,3,1
2003,8,4,6
2003,8,5,5
2003,9,4,53
2003,9,5,49
2003,10,4,39
2003,10,5,31
2003,11,3,1
2003,11,4,15
2003,11,5,14
2003,12,4,22
2003,12,5,36
2003,13,3,1
2003,13,4,75
2003,13,5,17
2003,14,4,9
2003,15,4,20
2003,16,4,1
2003,16,5,2
2003,17,4,69
2003,17,5,10
2003,18,4,13
2003,18,5,8
2004,0,3,2
2004,0,4,73
2004,0,5,52
2004,1,4,14
2004,1,5,39
2004,2,4,57
2004,2,5,11
2004,4,3,1
2004,4,4,16
2004,4,5,36
2004,5,4,12
2004,5,5,7
2004,6,4,4
2004,6,5,37
2004,7,4,19
2004,7,5,27
2004,8,3,1
2004,8,4,6
2004,8,5,5
2004,9,4,54
2004,9,5,48
2004,10,4,41
2004,10,5,29
2004,11,4,16
2004,11,5,14
2004,12,4,24
2004,12,5,34
2004,13,3,1
2004,13,4,77
2004,13,5,15
2004,14,4,9
2004,15,4,20
2004,16,4,1
2004,16,5,2
2004,17,4,69
2004,17,5,10
2004,18,4,13
2004,18,5,8
2005,0,3,2
2005,0,4,80
2005,0,5,45
2005,1,4,15
2005,1,5,38
2005,2,4,58
2005,2,5,10
2005,4,3,1
2005,4,4,17
2005,4,5,35
2005,5,4,13
2005,5,5,6
2005,6,4,6
2005,6,5,35
2005,7,4,24
2005,7,5,22
2005,8,3,1
2005,8,4,8
2005,8,5,3
2005,9,4,64
2005,9,5,38
2005,10,4,50
2005,10,5,20
2005,11,4,22
2005,11,5,8
2005,12,4,32
2005,12,5,26
2005,13,4,80
2005,13,5,13
2005,14,4,9
2005,15,4,20
2005,16,4,1
2005,16,5,2
2005,17,4,71
2005,17,5,8
2005,18,4,15
2005,18,5,6
2006,0,3,2
2006,0,4,79
2006,0,5,46
2006,1,4,15
2006,1,5,38
2006,2,4,58
2006,2,5,10
2006,4,3,1
2006,4,4,17
2006,4,5,35
2006,5,4,13
2006,5,5,6
2006,6,4,6
2006,6,5,35
2006,7,4,23
2006,7,5,23
2006,8,3,1
2006,8,4,8
2006,8,5,3
2006,9,4,63
2006,9,5,39
2006,10,4,49
2006,10,5,21
2006,11,4,21
2006,11,5,9
2006,12,4,32
2006,12,5,26
2006,13,4,80
2006,13,5,13
2006,14,4,9
2006,15,4,20
2006,16,4,1
2006,16,5,2
2006,17,4,71
2006,17,5,8
2006,18,4,15
2006,18,5,6
2007,0,3,2
2007,0,4,77
2007,0,5,48
2007,1,4,14
2007,1,5,39
2007,2,4,58
2007,2,5,10
2007,4,3,1
2007,4,4,17
2007,4,5,35
2007,5,4,13
2007,5,5,6
2007,6,4,6
2007,6,5,35
2007,7,4,23
2007,7,5,23
2007,8,3,1
2007,8,4,8
2007,8,5,3
2007,9,4,63
2007,9,5,39
2007,10,4,46
2007,10,5,24
2007,11,4,18
2007,11,5,12
2007,12,4,30
2007,12,5,28
2007,13,4,79
2007,13,5,14
2007,14,4,9
2007,15,4,20
2007,16,4,1
2007,16,5,2
2007,17,4,71
2007,17,5,8
2007,18,4,15
2007,18,5,6
2008,0,3,2
2008,0,4,78
2008,0,5,47
2008,1,4,14
2008,1,5,39
2008,2,4,58
2008,2,5,10
2008,4,3,1
2008,4,4,17
2008,4,5,35
2008,5,4,13
2008,5,5,6
2008,6,4,6
2008,6,5,35
2008,7,4,23
2008,7,5,23
2008,8,3,1
2008,8,4,8
2008,8,5,3
2008,9,4,63
2008,9,5,39
2008,10,4,46
2008,10,5,24
2008,11,4,19
2008,11,5,11
2008,12,4,29
2008,12,5,29
2008,13,4,80
2008,13,5,13
2008,14,4,9
2008,15,4,20
2008,16,4,1
2008,16,5,2
2008,17,4,71
2008,17,5,8
2008,18,4,15
2008,18,5,6
2009,0,3,2
2009,0,4,79
2009,0,5,46
2009,1,4,15
2009,1,5,38
2009,2,4,59
2009,2,5,9
2009,4,3,1
2009,4,4,19
2009,4,5,33
2009,5,4,13
2009,5,5,6
2009,6,4,6
2009,6,5,35
2009,7,4,23
2009,7,5,23
2009,8,3,1
2009,8,4,8
2009,8,5,3
2009,9,4,69
2009,9,5,33
2009,10,4,49
2009,10,5,21
2009,11,4,22
2009,11,5,8
2009,12,4,32
2009,12,5,26
2009,13,4,83
2009,13,5,10
2009,14,4,9
2009,15,4,20
2009,16,4,1
2009,16,5,2
2009,17,4,71
2009,17,5,8
2009,18,4,15
2009,18,5,6
2010,0,3,1
2010,0,4,82
2010,0,5,44
2010,1,4,15
2010,1,5,38
2010,2,4,59
2010,2,5,9
2010,4,3,1
2010,4,4,20
2010,4,5,32
2010,5,4,13
2010,5,5,6
2010,6,4,6
2010,6,5,35
2010,7,4,24
2010,7,5,22
2010,8,3,1
2010,8,4,8
2010,8,5,3
2010,9,4,70
2010,9,5,32
2010,10,4,52
2010,10,5,18
2010,11,4,23
2010,11,5,7
2010,12,4,34
2010,12,5,24
2010,13,4,83
2010,13,5,10
2010,14,4,9
2010,15,4,20
2010,16,4,1
2010,16,5,2
2010,17,4,72
2010,17,5,7
2010,18,4,15
2010,18,5,6
2011,0,3,1
2011,0,4,84
2011,0,5,42
2011,1,4,15
2011,1,5,38
2011,2,4,59
2011,2,5,9
2011,4,3,1
2011,4,4,21
2011,4,5,31
2011,5,4,13
2011,5,5,6
2011,6,4,6
2011,6,5,35
2011,7,4,25
2011,7,5,21
2011,8,3,1
2011,8,4,9
2011,8,5,2
2011,9,4,71
2011,9,5,31
2011,10,4,54
2011,10,5,16
2011,11,4,23
2011,11,5,7
2011,12,4,34
2011,12,5,24
2011,13,4,84
2011,13,5,9
2011,14,4,9
2011,15,4,20
2011,16,4,1
2011,16,5,2
2011,17,4,72
2011,17,5,7
2011,18,4,15
2011,18,5,6
2012,0,3,1
2012,0,4,84
2012,0,5,42
2012,1,4,15
2012,1,5,38
2012,2,4,59
2012,2,5,9
2012,4,3,1
2012,4,4,24
2012,4,5,28
2012,5,4,13
2012,5,5,6
2012,6,4,6
2012,6,5,35
2012,7,4,25
2012,7,5,21
2012,8,3,1
2012,8,4,9
2012,8,5,2
2012,9,4,73
2012,9,5,29
2012,10,4,55
2012,10,5,15
2012,11,4,24
2012,11,5,6
2012,12,4,34
2012,12,5,24
2012,13,4,85
2012,13,5,8
2012,14,4,9
2012,15,4,20
2012,16,4,2
2012,16,5,1
2012,17,4,72
2012,17,5,7
2012,18,4,15
2012,18,5,6
2013,0,3,1
2013,0,4,84
2013,0,5,42
2013,1,4,16
2013,1,5,37
2013,2,4,60
2013,2,5,8
2013,4,3,1
2013,4,4,26
2013,4,5,26
2013,5,4,13
2013,5,5,6
2013,6,4,6
2013,6,5,35
2013,7,4,26
2013,7,5,20
2013,8,3,1
2013,8,4,9
2013,8,5,2
2013,9,4,74
2013,9,5,28
2013,10,4,57
2013,10,5,13
2013,11,4,26
2013,11,5,4
2013,12,4,35
2013,12,5,23
2013,13,4,85
2013,13,5,8
2013,14,4,9
2013,15,4,20
2013,16,4,2
2013,16,5,1
2013,17,4,72
2013,17,5,7
2013,18,4,16
2013,18,5,5
2014,0,3,1
2014,0,4,84
2014,0,5,42
2014,1,4,16
2014,1,5,37
2014,2,4,60
2014,2,5,8
2014,4,3,1
2014,4,4,27
2014,4,5,25
2014,5,4,13
2014,5,5,6
2014,6,4,7
2014,6,5,34
2014,7,4,26
2014,7,5,20
2014,8,3,1
2014,8,4,9
2014,8,5,2
2014,9,4,74
2014,9,5,28
2014,10,4,57
2014,10,5,13
2014,11,4,27
2014,11,5,3
2014,12,4,37
2014,12,5,21
2014,13,4,86
2014,13,5,7
2014,14,4,9
2014,15,4,20
2014,16,4,2
2014,16,5,1
2014,17,4,72
2014,17,5,7
2014,18,4,16
2014,18,5,5
2015,0,3,1
2015,0,4,85
2015,0,5,41
2015,1,4,16
2015,1,5,37
2015,2,4,60
2015,2,5,8
2015,4,3,1
2015,4,4,27
2015,4,5,25
2015,5,4,13
2015,5,5,6
2015,6,4,8
2015,6,5,33
2015,7,4,27
2015,7,5,19
2015,8,3,1
2015,8,4,9
2015,8,5,2
2015,9,4,75
2015,9,5,27
2015,10,4,58
2015,10,5,12
2015,11,4,27
2015,11,5,3
2015,12,4,39
2015,12,5,19
2015,13,4,87
2015,13,5,6
2015,14,4,9
2015,15,4,20
2015,16,4,2
2015,16,5,1
2015,17,4,72
2015,17,5,7
2015,18,4,16
2015,18,5,5
